id;schedulelink;schedule_time;studentname;employeename;videolink;complete;remove;concept;overview
1;payment Cyprus bandwidth;2021-02-27T00:12:41;Games holistic;Representative portal;internet solution Garden SQL;false;true;Total Borders array;Suriname
2;attitude-oriented Total;2021-02-27T00:42:29;invoice;RAM;azure non-volatile Mobility;false;false;Handcrafted Metal Bacon hacking solid state;Hat
3;parsing fault-tolerant Representative;2021-02-26T09:18:34;Plastic;Auto Loan Account Greece;Unbranded Metal Sausages;true;false;Buckinghamshire Incredible Bahrain;Functionality
4;navigate incentivize;2021-02-27T02:19:25;Assurance;Steel;incremental Global;true;false;Democratic People's Republic of Korea;Belarussian Ruble
5;Industrial Pine;2021-02-26T12:39:42;Ergonomic Wooden Ball core;synthesize;Indonesia action-items Unbranded;true;false;integrate;Cheese Accountability
6;Corporate Sports;2021-02-26T17:37:31;Bedfordshire;Nepalese Rupee Utah Money Market Account;aggregate;true;true;digital ROI Avon;white Alaska deposit
7;PCI;2021-02-26T20:01:05;Credit Card Account Mountains Road;Generic Soft Car;deliver generate;true;true;paradigms Internal;Engineer
8;programming USB Mobility;2021-02-27T01:22:40;Center Incredible;Mississippi;Dynamic parse e-services;false;false;bi-directional;contingency radical Chief
9;magnetic withdrawal SQL;2021-02-26T18:15:27;Chips Small Concrete Fish Metal;Fresh;alliance;false;false;Avon invoice dynamic;driver platforms New Mexico
10;Peru;2021-02-27T00:30:50;Specialist Implementation Oklahoma;CSS override Keyboard;Cheese Missouri;true;false;withdrawal Cheese olive;application e-tailers
